SchoolName,Religion,Level,YearTerm,Total
โรงเรียนคณะราษฎร์บำรุงปทุมธานี,คริสต์,P1,2565/1,0
โรงเรียนคณะราษฎร์บำรุงปทุมธานี,คริสต์,P2,2565/1,0
โรงเรียนคณะราษฎร์บำรุงปทุมธานี,คริสต์,P3,2565/1,0
โรงเรียนคณะราษฎร์บำรุงปทุมธานี,คริสต์,P4,2565/1,0
โรงเรียนคณะราษฎร์บำรุงปทุมธานี,คริสต์,P5,2565/1,0
โรงเรียนคณะราษฎร์บำรุงปทุมธานี,คริสต์,P6,2565/1,0
โรงเรียนคณะราษฎร์บำรุงปทุมธานี,คริสต์,M2,2565/1,4
โรงเรียนคณะราษฎร์บำรุงปทุมธานี,คริสต์,M3,2565/1,1
โรงเรียนคณะราษฎร์บำรุงปทุมธานี,คริสต์,M4,2565/1,3
โรงเรียนคณะราษฎร์บำรุงปทุมธานี,คริสต์,M5,2565/1,4
โรงเรียนคณะราษฎร์บำรุงปทุมธานี,คริสต์,M6,2565/1,1
โรงเรียนคณะราษฎร์บำรุงปทุมธานี,พุทธ,P1,2565/1,0
โรงเรียนคณะราษฎร์บำรุงปทุมธานี,พุทธ,P2,2565/1,0
โรงเรียนคณะราษฎร์บำรุงปทุมธานี,พุทธ,P3,2565/1,0
โรงเรียนคณะราษฎร์บำรุงปทุมธานี,พุทธ,P4,2565/1,0
โรงเรียนคณะราษฎร์บำรุงปทุมธานี,พุทธ,P5,2565/1,0
โรงเรียนคณะราษฎร์บำรุงปทุมธานี,พุทธ,P6,2565/1,0
โรงเรียนคณะราษฎร์บำรุงปทุมธานี,พุทธ,M2,2565/1,462
โรงเรียนคณะราษฎร์บำรุงปทุมธานี,พุทธ,M3,2565/1,558
โรงเรียนคณะราษฎร์บำรุงปทุมธานี,พุทธ,M4,2565/1,397
โรงเรียนคณะราษฎร์บำรุงปทุมธานี,พุทธ,M5,2565/1,388
โรงเรียนคณะราษฎร์บำรุงปทุมธานี,พุทธ,M6,2565/1,386
โรงเรียนคณะราษฎร์บำรุงปทุมธานี,อิสลาม,P1,2565/1,0
โรงเรียนคณะราษฎร์บำรุงปทุมธานี,อิสลาม,P2,2565/1,0
โรงเรียนคณะราษฎร์บำรุงปทุมธานี,อิสลาม,P3,2565/1,0
โรงเรียนคณะราษฎร์บำรุงปทุมธานี,อิสลาม,P4,2565/1,0
โรงเรียนคณะราษฎร์บำรุงปทุมธานี,อิสลาม,P5,2565/1,0
โรงเรียนคณะราษฎร์บำรุงปทุมธานี,อิสลาม,P6,2565/1,0
โรงเรียนคณะราษฎร์บำรุงปทุมธานี,อิสลาม,M2,2565/1,4
โรงเรียนคณะราษฎร์บำรุงปทุมธานี,อิสลาม,M3,2565/1,5
โรงเรียนคณะราษฎร์บำรุงปทุมธานี,อิสลาม,M4,2565/1,6
โรงเรียนคณะราษฎร์บำรุงปทุมธานี,อิสลาม,M5,2565/1,3
โรงเรียนคณะราษฎร์บำรุงปทุมธานี,อิสลาม,M6,2565/1,7
โรงเรียนคณะราษฎร์บำรุงปทุมธานี,อื่นๆ,P1,2565/1,0
โรงเรียนคณะราษฎร์บำรุงปทุมธานี,อื่นๆ,P2,2565/1,0
โรงเรียนคณะราษฎร์บำรุงปทุมธานี,อื่นๆ,P3,2565/1,0
โรงเรียนคณะราษฎร์บำรุงปทุมธานี,อื่นๆ,P4,2565/1,0
โรงเรียนคณะราษฎร์บำรุงปทุมธานี,อื่นๆ,P5,2565/1,0
โรงเรียนคณะราษฎร์บำรุงปทุมธานี,อื่นๆ,P6,2565/1,0
โรงเรียนคณะราษฎร์บำรุงปทุมธานี,อื่นๆ,M2,2565/1,0
โรงเรียนคณะราษฎร์บำรุงปทุมธานี,อื่นๆ,M3,2565/1,0
โรงเรียนคณะราษฎร์บำรุงปทุมธานี,อื่นๆ,M4,2565/1,0
โรงเรียนคณะราษฎร์บำรุงปทุมธานี,อื่นๆ,M5,2565/1,1
โรงเรียนคณะราษฎร์บำรุงปทุมธานี,อื่นๆ,M6,2565/1,1
โรงเรียนปทุมธานี นันทมุนีบำรุง,คริสต์,P1,2565/1,0
โรงเรียนปทุมธานี นันทมุนีบำรุง,คริสต์,P2,2565/1,0
โรงเรียนปทุมธานี นันทมุนีบำรุง,คริสต์,P3,2565/1,0
โรงเรียนปทุมธานี นันทมุนีบำรุง,คริสต์,P4,2565/1,0
โรงเรียนปทุมธานี นันทมุนีบำรุง,คริสต์,P5,2565/1,0
โรงเรียนปทุมธานี นันทมุนีบำรุง,คริสต์,P6,2565/1,0
โรงเรียนปทุมธานี นันทมุนีบำรุง,คริสต์,M2,2565/1,0
โรงเรียนปทุมธานี นันทมุนีบำรุง,คริสต์,M3,2565/1,1
โรงเรียนปทุมธานี นันทมุนีบำรุง,คริสต์,M4,2565/1,1
โรงเรียนปทุมธานี นันทมุนีบำรุง,คริสต์,M5,2565/1,0
โรงเรียนปทุมธานี นันทมุนีบำรุง,คริสต์,M6,2565/1,0
โรงเรียนปทุมธานี นันทมุนีบำรุง,พุทธ,P1,2565/1,0
โรงเรียนปทุมธานี นันทมุนีบำรุง,พุทธ,P2,2565/1,0
โรงเรียนปทุมธานี นันทมุนีบำรุง,พุทธ,P3,2565/1,0
โรงเรียนปทุมธานี นันทมุนีบำรุง,พุทธ,P4,2565/1,0
โรงเรียนปทุมธานี นันทมุนีบำรุง,พุทธ,P5,2565/1,0
โรงเรียนปทุมธานี นันทมุนีบำรุง,พุทธ,P6,2565/1,0
โรงเรียนปทุมธานี นันทมุนีบำรุง,พุทธ,M2,2565/1,193
โรงเรียนปทุมธานี นันทมุนีบำรุง,พุทธ,M3,2565/1,161
โรงเรียนปทุมธานี นันทมุนีบำรุง,พุทธ,M4,2565/1,144
โรงเรียนปทุมธานี นันทมุนีบำรุง,พุทธ,M5,2565/1,112
โรงเรียนปทุมธานี นันทมุนีบำรุง,พุทธ,M6,2565/1,96
โรงเรียนปทุมธานี นันทมุนีบำรุง,อิสลาม,P1,2565/1,0
โรงเรียนปทุมธานี นันทมุนีบำรุง,อิสลาม,P2,2565/1,0
โรงเรียนปทุมธานี นันทมุนีบำรุง,อิสลาม,P3,2565/1,0
โรงเรียนปทุมธานี นันทมุนีบำรุง,อิสลาม,P4,2565/1,0
โรงเรียนปทุมธานี นันทมุนีบำรุง,อิสลาม,P5,2565/1,0
โรงเรียนปทุมธานี นันทมุนีบำรุง,อิสลาม,P6,2565/1,0
โรงเรียนปทุมธานี นันทมุนีบำรุง,อิสลาม,M2,2565/1,5
โรงเรียนปทุมธานี นันทมุนีบำรุง,อิสลาม,M3,2565/1,6
โรงเรียนปทุมธานี นันทมุนีบำรุง,อิสลาม,M4,2565/1,2
โรงเรียนปทุมธานี นันทมุนีบำรุง,อิสลาม,M5,2565/1,1
โรงเรียนปทุมธานี นันทมุนีบำรุง,อิสลาม,M6,2565/1,1
โรงเรียนหอวัง ปทุมธานี,คริสต์,P1,2565/1,0
โรงเรียนหอวัง ปทุมธานี,คริสต์,P2,2565/1,0
โรงเรียนหอวัง ปทุมธานี,คริสต์,P3,2565/1,0
โรงเรียนหอวัง ปทุมธานี,คริสต์,P4,2565/1,0
โรงเรียนหอวัง ปทุมธานี,คริสต์,P5,2565/1,0
โรงเรียนหอวัง ปทุมธานี,คริสต์,P6,2565/1,0
โรงเรียนหอวัง ปทุมธานี,คริสต์,M2,2565/1,2
โรงเรียนหอวัง ปทุมธานี,คริสต์,M3,2565/1,0
โรงเรียนหอวัง ปทุมธานี,คริสต์,M4,2565/1,3
โรงเรียนหอวัง ปทุมธานี,คริสต์,M5,2565/1,1
โรงเรียนหอวัง ปทุมธานี,คริสต์,M6,2565/1,2
โรงเรียนหอวัง ปทุมธานี,พุทธ,P1,2565/1,0
โรงเรียนหอวัง ปทุมธานี,พุทธ,P2,2565/1,0
โรงเรียนหอวัง ปทุมธานี,พุทธ,P3,2565/1,0
โรงเรียนหอวัง ปทุมธานี,พุทธ,P4,2565/1,0
โรงเรียนหอวัง ปทุมธานี,พุทธ,P5,2565/1,0
โรงเรียนหอวัง ปทุมธานี,พุทธ,P6,2565/1,0
โรงเรียนหอวัง ปทุมธานี,พุทธ,M2,2565/1,416
โรงเรียนหอวัง ปทุมธานี,พุทธ,M3,2565/1,421
โรงเรียนหอวัง ปทุมธานี,พุทธ,M4,2565/1,425
โรงเรียนหอวัง ปทุมธานี,พุทธ,M5,2565/1,500
โรงเรียนหอวัง ปทุมธานี,พุทธ,M6,2565/1,391
โรงเรียนหอวัง ปทุมธานี,อิสลาม,P1,2565/1,0
โรงเรียนหอวัง ปทุมธานี,อิสลาม,P2,2565/1,0
โรงเรียนหอวัง ปทุมธานี,อิสลาม,P3,2565/1,0
โรงเรียนหอวัง ปทุมธานี,อิสลาม,P4,2565/1,0
โรงเรียนหอวัง ปทุมธานี,อิสลาม,P5,2565/1,0
โรงเรียนหอวัง ปทุมธานี,อิสลาม,P6,2565/1,0
โรงเรียนหอวัง ปทุมธานี,อิสลาม,M2,2565/1,1
โรงเรียนหอวัง ปทุมธานี,อิสลาม,M3,2565/1,3
โรงเรียนหอวัง ปทุมธานี,อิสลาม,M4,2565/1,4
โรงเรียนหอวัง ปทุมธานี,อิสลาม,M5,2565/1,2
โรงเรียนหอวัง ปทุมธานี,อิสลาม,M6,2565/1,3
โรงเรียนหอวัง ปทุมธานี,อื่นๆ,P1,2565/1,0
โรงเรียนหอวัง ปทุมธานี,อื่นๆ,P2,2565/1,0
โรงเรียนหอวัง ปทุมธานี,อื่นๆ,P3,2565/1,0
โรงเรียนหอวัง ปทุมธานี,อื่นๆ,P4,2565/1,0
โรงเรียนหอวัง ปทุมธานี,อื่นๆ,P5,2565/1,0
โรงเรียนหอวัง ปทุมธานี,อื่นๆ,P6,2565/1,0
โรงเรียนหอวัง ปทุมธานี,อื่นๆ,M2,2565/1,0
โรงเรียนหอวัง ปทุมธานี,อื่นๆ,M3,2565/1,0
โรงเรียนหอวัง ปทุมธานี,อื่นๆ,M4,2565/1,0
โรงเรียนหอวัง ปทุมธานี,อื่นๆ,M5,2565/1,1
โรงเรียนหอวัง ปทุมธานี,อื่นๆ,M6,2565/1,0
โรงเรียนทีปังกรวิทยาพัฒน์ (มัธยมวัดหัตถสารเกษตร) ในพระราชูปถัมภ์ฯ,คริสต์,P1,2565/1,0
โรงเรียนทีปังกรวิทยาพัฒน์ (มัธยมวัดหัตถสารเกษตร) ในพระราชูปถัมภ์ฯ,คริสต์,P2,2565/1,0
โรงเรียนทีปังกรวิทยาพัฒน์ (มัธยมวัดหัตถสารเกษตร) ในพระราชูปถัมภ์ฯ,คริสต์,P3,2565/1,0
โรงเรียนทีปังกรวิทยาพัฒน์ (มัธยมวัดหัตถสารเกษตร) ในพระราชูปถัมภ์ฯ,คริสต์,P4,2565/1,0
โรงเรียนทีปังกรวิทยาพัฒน์ (มัธยมวัดหัตถสารเกษตร) ในพระราชูปถัมภ์ฯ,คริสต์,P5,2565/1,0
โรงเรียนทีปังกรวิทยาพัฒน์ (มัธยมวัดหัตถสารเกษตร) ในพระราชูปถัมภ์ฯ,คริสต์,P6,2565/1,0
โรงเรียนทีปังกรวิทยาพัฒน์ (มัธยมวัดหัตถสารเกษตร) ในพระราชูปถัมภ์ฯ,คริสต์,M2,2565/1,0
โรงเรียนทีปังกรวิทยาพัฒน์ (มัธยมวัดหัตถสารเกษตร) ในพระราชูปถัมภ์ฯ,คริสต์,M3,2565/1,0
โรงเรียนทีปังกรวิทยาพัฒน์ (มัธยมวัดหัตถสารเกษตร) ในพระราชูปถัมภ์ฯ,คริสต์,M4,2565/1,1
โรงเรียนทีปังกรวิทยาพัฒน์ (มัธยมวัดหัตถสารเกษตร) ในพระราชูปถัมภ์ฯ,คริสต์,M5,2565/1,2
โรงเรียนทีปังกรวิทยาพัฒน์ (มัธยมวัดหัตถสารเกษตร) ในพระราชูปถัมภ์ฯ,คริสต์,M6,2565/1,1
โรงเรียนทีปังกรวิทยาพัฒน์ (มัธยมวัดหัตถสารเกษตร) ในพระราชูปถัมภ์ฯ,พุทธ,P1,2565/1,0
โรงเรียนทีปังกรวิทยาพัฒน์ (มัธยมวัดหัตถสารเกษตร) ในพระราชูปถัมภ์ฯ,พุทธ,P2,2565/1,0
โรงเรียนทีปังกรวิทยาพัฒน์ (มัธยมวัดหัตถสารเกษตร) ในพระราชูปถัมภ์ฯ,พุทธ,P3,2565/1,0
โรงเรียนทีปังกรวิทยาพัฒน์ (มัธยมวัดหัตถสารเกษตร) ในพระราชูปถัมภ์ฯ,พุทธ,P4,2565/1,0
โรงเรียนทีปังกรวิทยาพัฒน์ (มัธยมวัดหัตถสารเกษตร) ในพระราชูปถัมภ์ฯ,พุทธ,P5,2565/1,0
โรงเรียนทีปังกรวิทยาพัฒน์ (มัธยมวัดหัตถสารเกษตร) ในพระราชูปถัมภ์ฯ,พุทธ,P6,2565/1,0
โรงเรียนทีปังกรวิทยาพัฒน์ (มัธยมวัดหัตถสารเกษตร) ในพระราชูปถัมภ์ฯ,พุทธ,M2,2565/1,474
โรงเรียนทีปังกรวิทยาพัฒน์ (มัธยมวัดหัตถสารเกษตร) ในพระราชูปถัมภ์ฯ,พุทธ,M3,2565/1,419
โรงเรียนทีปังกรวิทยาพัฒน์ (มัธยมวัดหัตถสารเกษตร) ในพระราชูปถัมภ์ฯ,พุทธ,M4,2565/1,456
โรงเรียนทีปังกรวิทยาพัฒน์ (มัธยมวัดหัตถสารเกษตร) ในพระราชูปถัมภ์ฯ,พุทธ,M5,2565/1,462
โรงเรียนทีปังกรวิทยาพัฒน์ (มัธยมวัดหัตถสารเกษตร) ในพระราชูปถัมภ์ฯ,พุทธ,M6,2565/1,340
โรงเรียนทีปังกรวิทยาพัฒน์ (มัธยมวัดหัตถสารเกษตร) ในพระราชูปถัมภ์ฯ,อิสลาม,P1,2565/1,0
โรงเรียนทีปังกรวิทยาพัฒน์ (มัธยมวัดหัตถสารเกษตร) ในพระราชูปถัมภ์ฯ,อิสลาม,P2,2565/1,0
โรงเรียนทีปังกรวิทยาพัฒน์ (มัธยมวัดหัตถสารเกษตร) ในพระราชูปถัมภ์ฯ,อิสลาม,P3,2565/1,0
โรงเรียนทีปังกรวิทยาพัฒน์ (มัธยมวัดหัตถสารเกษตร) ในพระราชูปถัมภ์ฯ,อิสลาม,P4,2565/1,0
โรงเรียนทีปังกรวิทยาพัฒน์ (มัธยมวัดหัตถสารเกษตร) ในพระราชูปถัมภ์ฯ,อิสลาม,P5,2565/1,0
โรงเรียนทีปังกรวิทยาพัฒน์ (มัธยมวัดหัตถสารเกษตร) ในพระราชูปถัมภ์ฯ,อิสลาม,P6,2565/1,0
โรงเรียนทีปังกรวิทยาพัฒน์ (มัธยมวัดหัตถสารเกษตร) ในพระราชูปถัมภ์ฯ,อิสลาม,M2,2565/1,5
โรงเรียนทีปังกรวิทยาพัฒน์ (มัธยมวัดหัตถสารเกษตร) ในพระราชูปถัมภ์ฯ,อิสลาม,M3,2565/1,1
โรงเรียนทีปังกรวิทยาพัฒน์ (มัธยมวัดหัตถสารเกษตร) ในพระราชูปถัมภ์ฯ,อิสลาม,M4,2565/1,2
โรงเรียนทีปังกรวิทยาพัฒน์ (มัธยมวัดหัตถสารเกษตร) ในพระราชูปถัมภ์ฯ,อิสลาม,M5,2565/1,3
โรงเรียนทีปังกรวิทยาพัฒน์ (มัธยมวัดหัตถสารเกษตร) ในพระราชูปถัมภ์ฯ,อิสลาม,M6,2565/1,0
โรงเรียนทีปังกรวิทยาพัฒน์ (มัธยมวัดหัตถสารเกษตร) ในพระราชูปถัมภ์ฯ,อื่นๆ,P1,2565/1,0
โรงเรียนทีปังกรวิทยาพัฒน์ (มัธยมวัดหัตถสารเกษตร) ในพระราชูปถัมภ์ฯ,อื่นๆ,P2,2565/1,0
โรงเรียนทีปังกรวิทยาพัฒน์ (มัธยมวัดหัตถสารเกษตร) ในพระราชูปถัมภ์ฯ,อื่นๆ,P3,2565/1,0
โรงเรียนทีปังกรวิทยาพัฒน์ (มัธยมวัดหัตถสารเกษตร) ในพระราชูปถัมภ์ฯ,อื่นๆ,P4,2565/1,0
โรงเรียนทีปังกรวิทยาพัฒน์ (มัธยมวัดหัตถสารเกษตร) ในพระราชูปถัมภ์ฯ,อื่นๆ,P5,2565/1,0
โรงเรียนทีปังกรวิทยาพัฒน์ (มัธยมวัดหัตถสารเกษตร) ในพระราชูปถัมภ์ฯ,อื่นๆ,P6,2565/1,0
โรงเรียนทีปังกรวิทยาพัฒน์ (มัธยมวัดหัตถสารเกษตร) ในพระราชูปถัมภ์ฯ,อื่นๆ,M2,2565/1,1
โรงเรียนทีปังกรวิทยาพัฒน์ (มัธยมวัดหัตถสารเกษตร) ในพระราชูปถัมภ์ฯ,อื่นๆ,M3,2565/1,0
โรงเรียนทีปังกรวิทยาพัฒน์ (มัธยมวัดหัตถสารเกษตร) ในพระราชูปถัมภ์ฯ,อื่นๆ,M4,2565/1,0
โรงเรียนทีปังกรวิทยาพัฒน์ (มัธยมวัดหัตถสารเกษตร) ในพระราชูปถัมภ์ฯ,อื่นๆ,M5,2565/1,0
โรงเรียนทีปังกรวิทยาพัฒน์ (มัธยมวัดหัตถสารเกษตร) ในพระราชูปถัมภ์ฯ,อื่นๆ,M6,2565/1,0
โรงเรียนสวนกุหลาบวิทยาลัย รังสิต,คริสต์,P1,2565/1,0
โรงเรียนสวนกุหลาบวิทยาลัย รังสิต,คริสต์,P2,2565/1,0
โรงเรียนสวนกุหลาบวิทยาลัย รังสิต,คริสต์,P3,2565/1,0
โรงเรียนสวนกุหลาบวิทยาลัย รังสิต,คริสต์,P4,2565/1,0
โรงเรียนสวนกุหลาบวิทยาลัย รังสิต,คริสต์,P5,2565/1,0
โรงเรียนสวนกุหลาบวิทยาลัย รังสิต,คริสต์,P6,2565/1,0
โรงเรียนสวนกุหลาบวิทยาลัย รังสิต,คริสต์,M2,2565/1,2
โรงเรียนสวนกุหลาบวิทยาลัย รังสิต,คริสต์,M3,2565/1,4
โรงเรียนสวนกุหลาบวิทยาลัย รังสิต,คริสต์,M4,2565/1,11
โรงเรียนสวนกุหลาบวิทยาลัย รังสิต,คริสต์,M5,2565/1,5
โรงเรียนสวนกุหลาบวิทยาลัย รังสิต,คริสต์,M6,2565/1,5
โรงเรียนสวนกุหลาบวิทยาลัย รังสิต,พุทธ,P1,2565/1,0
โรงเรียนสวนกุหลาบวิทยาลัย รังสิต,พุทธ,P2,2565/1,0
โรงเรียนสวนกุหลาบวิทยาลัย รังสิต,พุทธ,P3,2565/1,0
โรงเรียนสวนกุหลาบวิทยาลัย รังสิต,พุทธ,P4,2565/1,0
โรงเรียนสวนกุหลาบวิทยาลัย รังสิต,พุทธ,P5,2565/1,0
โรงเรียนสวนกุหลาบวิทยาลัย รังสิต,พุทธ,P6,2565/1,0
โรงเรียนสวนกุหลาบวิทยาลัย รังสิต,พุทธ,M2,2565/1,559
โรงเรียนสวนกุหลาบวิทยาลัย รังสิต,พุทธ,M3,2565/1,569
โรงเรียนสวนกุหลาบวิทยาลัย รังสิต,พุทธ,M4,2565/1,566
โรงเรียนสวนกุหลาบวิทยาลัย รังสิต,พุทธ,M5,2565/1,581
โรงเรียนสวนกุหลาบวิทยาลัย รังสิต,พุทธ,M6,2565/1,619
โรงเรียนสวนกุหลาบวิทยาลัย รังสิต,อิสลาม,P1,2565/1,0
โรงเรียนสวนกุหลาบวิทยาลัย รังสิต,อิสลาม,P2,2565/1,0
โรงเรียนสวนกุหลาบวิทยาลัย รังสิต,อิสลาม,P3,2565/1,0
โรงเรียนสวนกุหลาบวิทยาลัย รังสิต,อิสลาม,P4,2565/1,0
โรงเรียนสวนกุหลาบวิทยาลัย รังสิต,อิสลาม,P5,2565/1,0
โรงเรียนสวนกุหลาบวิทยาลัย รังสิต,อิสลาม,P6,2565/1,0
โรงเรียนสวนกุหลาบวิทยาลัย รังสิต,อิสลาม,M2,2565/1,3
โรงเรียนสวนกุหลาบวิทยาลัย รังสิต,อิสลาม,M3,2565/1,3
โรงเรียนสวนกุหลาบวิทยาลัย รังสิต,อิสลาม,M4,2565/1,6
โรงเรียนสวนกุหลาบวิทยาลัย รังสิต,อิสลาม,M5,2565/1,8
โรงเรียนสวนกุหลาบวิทยาลัย รังสิต,อิสลาม,M6,2565/1,3
โรงเรียนธรรมศาสตร์คลองหลวงวิทยาคม,คริสต์,P1,2565/1,0
โรงเรียนธรรมศาสตร์คลองหลวงวิทยาคม,คริสต์,P2,2565/1,0
โรงเรียนธรรมศาสตร์คลองหลวงวิทยาคม,คริสต์,P3,2565/1,0
โรงเรียนธรรมศาสตร์คลองหลวงวิทยาคม,คริสต์,P4,2565/1,0
โรงเรียนธรรมศาสตร์คลองหลวงวิทยาคม,คริสต์,P5,2565/1,0
โรงเรียนธรรมศาสตร์คลองหลวงวิทยาคม,คริสต์,P6,2565/1,0
โรงเรียนธรรมศาสตร์คลองหลวงวิทยาคม,คริสต์,M2,2565/1,3
โรงเรียนธรรมศาสตร์คลองหลวงวิทยาคม,คริสต์,M3,2565/1,2
โรงเรียนธรรมศาสตร์คลองหลวงวิทยาคม,คริสต์,M4,2565/1,0
โรงเรียนธรรมศาสตร์คลองหลวงวิทยาคม,คริสต์,M5,2565/1,1
โรงเรียนธรรมศาสตร์คลองหลวงวิทยาคม,คริสต์,M6,2565/1,4
โรงเรียนธรรมศาสตร์คลองหลวงวิทยาคม,พุทธ,P1,2565/1,0
โรงเรียนธรรมศาสตร์คลองหลวงวิทยาคม,พุทธ,P2,2565/1,0
โรงเรียนธรรมศาสตร์คลองหลวงวิทยาคม,พุทธ,P3,2565/1,0
โรงเรียนธรรมศาสตร์คลองหลวงวิทยาคม,พุทธ,P4,2565/1,0
โรงเรียนธรรมศาสตร์คลองหลวงวิทยาคม,พุทธ,P5,2565/1,0
โรงเรียนธรรมศาสตร์คลองหลวงวิทยาคม,พุทธ,P6,2565/1,0
โรงเรียนธรรมศาสตร์คลองหลวงวิทยาคม,พุทธ,M2,2565/1,854
โรงเรียนธรรมศาสตร์คลองหลวงวิทยาคม,พุทธ,M3,2565/1,857
โรงเรียนธรรมศาสตร์คลองหลวงวิทยาคม,พุทธ,M4,2565/1,819
โรงเรียนธรรมศาสตร์คลองหลวงวิทยาคม,พุทธ,M5,2565/1,790
โรงเรียนธรรมศาสตร์คลองหลวงวิทยาคม,พุทธ,M6,2565/1,822
โรงเรียนธรรมศาสตร์คลองหลวงวิทยาคม,อิสลาม,P1,2565/1,0
โรงเรียนธรรมศาสตร์คลองหลวงวิทยาคม,อิสลาม,P2,2565/1,0
โรงเรียนธรรมศาสตร์คลองหลวงวิทยาคม,อิสลาม,P3,2565/1,0
โรงเรียนธรรมศาสตร์คลองหลวงวิทยาคม,อิสลาม,P4,2565/1,0
โรงเรียนธรรมศาสตร์คลองหลวงวิทยาคม,อิสลาม,P5,2565/1,0
โรงเรียนธรรมศาสตร์คลองหลวงวิทยาคม,อิสลาม,P6,2565/1,0
โรงเรียนธรรมศาสตร์คลองหลวงวิทยาคม,อิสลาม,M2,2565/1,8
โรงเรียนธรรมศาสตร์คลองหลวงวิทยาคม,อิสลาม,M3,2565/1,13
โรงเรียนธรรมศาสตร์คลองหลวงวิทยาคม,อิสลาม,M4,2565/1,3
โรงเรียนธรรมศาสตร์คลองหลวงวิทยาคม,อิสลาม,M5,2565/1,9
โรงเรียนธรรมศาสตร์คลองหลวงวิทยาคม,อิสลาม,M6,2565/1,6
โรงเรียนธรรมศาสตร์คลองหลวงวิทยาคม,อื่นๆ,P1,2565/1,0
โรงเรียนธรรมศาสตร์คลองหลวงวิทยาคม,อื่นๆ,P2,2565/1,0
โรงเรียนธรรมศาสตร์คลองหลวงวิทยาคม,อื่นๆ,P3,2565/1,0
โรงเรียนธรรมศาสตร์คลองหลวงวิทยาคม,อื่นๆ,P4,2565/1,0
โรงเรียนธรรมศาสตร์คลองหลวงวิทยาคม,อื่นๆ,P5,2565/1,0
โรงเรียนธรรมศาสตร์คลองหลวงวิทยาคม,อื่นๆ,P6,2565/1,0
โรงเรียนธรรมศาสตร์คลองหลวงวิทยาคม,อื่นๆ,M2,2565/1,0
โรงเรียนธรรมศาสตร์คลองหลวงวิทยาคม,อื่นๆ,M3,2565/1,0
โรงเรียนธรรมศาสตร์คลองหลวงวิทยาคม,อื่นๆ,M4,2565/1,0
โรงเรียนธรรมศาสตร์คลองหลวงวิทยาคม,อื่นๆ,M5,2565/1,1
โรงเรียนธรรมศาสตร์คลองหลวงวิทยาคม,อื่นๆ,M6,2565/1,0
โรงเรียนบัวแก้วเกษร,คริสต์,P1,2565/1,0
โรงเรียนบัวแก้วเกษร,คริสต์,P2,2565/1,0
โรงเรียนบัวแก้วเกษร,คริสต์,P3,2565/1,0
โรงเรียนบัวแก้วเกษร,คริสต์,P4,2565/1,0
โรงเรียนบัวแก้วเกษร,คริสต์,P5,2565/1,0
โรงเรียนบัวแก้วเกษร,คริสต์,P6,2565/1,0
โรงเรียนบัวแก้วเกษร,คริสต์,M2,2565/1,0
โรงเรียนบัวแก้วเกษร,คริสต์,M3,2565/1,0
โรงเรียนบัวแก้วเกษร,คริสต์,M4,2565/1,0
โรงเรียนบัวแก้วเกษร,คริสต์,M5,2565/1,0
โรงเรียนบัวแก้วเกษร,คริสต์,M6,2565/1,1
โรงเรียนบัวแก้วเกษร,พุทธ,P1,2565/1,0
โรงเรียนบัวแก้วเกษร,พุทธ,P2,2565/1,0
โรงเรียนบัวแก้วเกษร,พุทธ,P3,2565/1,0
โรงเรียนบัวแก้วเกษร,พุทธ,P4,2565/1,0
โรงเรียนบัวแก้วเกษร,พุทธ,P5,2565/1,0
โรงเรียนบัวแก้วเกษร,พุทธ,P6,2565/1,0
โรงเรียนบัวแก้วเกษร,พุทธ,M2,2565/1,228
โรงเรียนบัวแก้วเกษร,พุทธ,M3,2565/1,218
โรงเรียนบัวแก้วเกษร,พุทธ,M4,2565/1,159
โรงเรียนบัวแก้วเกษร,พุทธ,M5,2565/1,117
โรงเรียนบัวแก้วเกษร,พุทธ,M6,2565/1,95
โรงเรียนบัวแก้วเกษร,อิสลาม,P1,2565/1,0
โรงเรียนบัวแก้วเกษร,อิสลาม,P2,2565/1,0
โรงเรียนบัวแก้วเกษร,อิสลาม,P3,2565/1,0
โรงเรียนบัวแก้วเกษร,อิสลาม,P4,2565/1,0
โรงเรียนบัวแก้วเกษร,อิสลาม,P5,2565/1,0
โรงเรียนบัวแก้วเกษร,อิสลาม,P6,2565/1,0
โรงเรียนบัวแก้วเกษร,อิสลาม,M2,2565/1,4
โรงเรียนบัวแก้วเกษร,อิสลาม,M3,2565/1,3
โรงเรียนบัวแก้วเกษร,อิสลาม,M4,2565/1,0
โรงเรียนบัวแก้วเกษร,อิสลาม,M5,2565/1,0
โรงเรียนบัวแก้วเกษร,อิสลาม,M6,2565/1,4
โรงเรียนวรราชาทินัดดามาตุวิทยา,คริสต์,P1,2565/1,0
โรงเรียนวรราชาทินัดดามาตุวิทยา,คริสต์,P2,2565/1,0
โรงเรียนวรราชาทินัดดามาตุวิทยา,คริสต์,P3,2565/1,0
โรงเรียนวรราชาทินัดดามาตุวิทยา,คริสต์,P4,2565/1,1
โรงเรียนวรราชาทินัดดามาตุวิทยา,คริสต์,P5,2565/1,0
โรงเรียนวรราชาทินัดดามาตุวิทยา,คริสต์,P6,2565/1,0
โรงเรียนวรราชาทินัดดามาตุวิทยา,คริสต์,M2,2565/1,0
โรงเรียนวรราชาทินัดดามาตุวิทยา,คริสต์,M3,2565/1,2
โรงเรียนวรราชาทินัดดามาตุวิทยา,คริสต์,M4,2565/1,0
โรงเรียนวรราชาทินัดดามาตุวิทยา,คริสต์,M5,2565/1,1
โรงเรียนวรราชาทินัดดามาตุวิทยา,คริสต์,M6,2565/1,1
โรงเรียนวรราชาทินัดดามาตุวิทยา,พุทธ,P1,2565/1,56
โรงเรียนวรราชาทินัดดามาตุวิทยา,พุทธ,P2,2565/1,74
โรงเรียนวรราชาทินัดดามาตุวิทยา,พุทธ,P3,2565/1,104
โรงเรียนวรราชาทินัดดามาตุวิทยา,พุทธ,P4,2565/1,92
โรงเรียนวรราชาทินัดดามาตุวิทยา,พุทธ,P5,2565/1,84
โรงเรียนวรราชาทินัดดามาตุวิทยา,พุทธ,P6,2565/1,73
โรงเรียนวรราชาทินัดดามาตุวิทยา,พุทธ,M2,2565/1,325
โรงเรียนวรราชาทินัดดามาตุวิทยา,พุทธ,M3,2565/1,330
โรงเรียนวรราชาทินัดดามาตุวิทยา,พุทธ,M4,2565/1,230
โรงเรียนวรราชาทินัดดามาตุวิทยา,พุทธ,M5,2565/1,207
โรงเรียนวรราชาทินัดดามาตุวิทยา,พุทธ,M6,2565/1,191
โรงเรียนวรราชาทินัดดามาตุวิทยา,อิสลาม,P1,2565/1,0
โรงเรียนวรราชาทินัดดามาตุวิทยา,อิสลาม,P2,2565/1,1
โรงเรียนวรราชาทินัดดามาตุวิทยา,อิสลาม,P3,2565/1,0
โรงเรียนวรราชาทินัดดามาตุวิทยา,อิสลาม,P4,2565/1,1
โรงเรียนวรราชาทินัดดามาตุวิทยา,อิสลาม,P5,2565/1,1
โรงเรียนวรราชาทินัดดามาตุวิทยา,อิสลาม,P6,2565/1,0
โรงเรียนวรราชาทินัดดามาตุวิทยา,อิสลาม,M2,2565/1,7
โรงเรียนวรราชาทินัดดามาตุวิทยา,อิสลาม,M3,2565/1,9
โรงเรียนวรราชาทินัดดามาตุวิทยา,อิสลาม,M4,2565/1,3
โรงเรียนวรราชาทินัดดามาตุวิทยา,อิสลาม,M5,2565/1,4
โรงเรียนวรราชาทินัดดามาตุวิทยา,อิสลาม,M6,2565/1,4
โรงเรียนสุนทโรเมตตาประชาสรรค์,พุทธ,P1,2565/1,0
โรงเรียนสุนทโรเมตตาประชาสรรค์,พุทธ,P2,2565/1,0
โรงเรียนสุนทโรเมตตาประชาสรรค์,พุทธ,P3,2565/1,0
โรงเรียนสุนทโรเมตตาประชาสรรค์,พุทธ,P4,2565/1,0
โรงเรียนสุนทโรเมตตาประชาสรรค์,พุทธ,P5,2565/1,0
โรงเรียนสุนทโรเมตตาประชาสรรค์,พุทธ,P6,2565/1,0
โรงเรียนสุนทโรเมตตาประชาสรรค์,พุทธ,M2,2565/1,23
โรงเรียนสุนทโรเมตตาประชาสรรค์,พุทธ,M3,2565/1,24
โรงเรียนสุนทโรเมตตาประชาสรรค์,พุทธ,M4,2565/1,14
โรงเรียนสุนทโรเมตตาประชาสรรค์,พุทธ,M5,2565/1,9
โรงเรียนสุนทโรเมตตาประชาสรรค์,พุทธ,M6,2565/1,16
โรงเรียนสุนทโรเมตตาประชาสรรค์,อิสลาม,P1,2565/1,0
โรงเรียนสุนทโรเมตตาประชาสรรค์,อิสลาม,P2,2565/1,0
โรงเรียนสุนทโรเมตตาประชาสรรค์,อิสลาม,P3,2565/1,0
โรงเรียนสุนทโรเมตตาประชาสรรค์,อิสลาม,P4,2565/1,0
โรงเรียนสุนทโรเมตตาประชาสรรค์,อิสลาม,P5,2565/1,0
โรงเรียนสุนทโรเมตตาประชาสรรค์,อิสลาม,P6,2565/1,0
โรงเรียนสุนทโรเมตตาประชาสรรค์,อิสลาม,M2,2565/1,7
โรงเรียนสุนทโรเมตตาประชาสรรค์,อิสลาม,M3,2565/1,5
โรงเรียนสุนทโรเมตตาประชาสรรค์,อิสลาม,M4,2565/1,7
โรงเรียนสุนทโรเมตตาประชาสรรค์,อิสลาม,M5,2565/1,6
โรงเรียนสุนทโรเมตตาประชาสรรค์,อิสลาม,M6,2565/1,6
โรงเรียนวิทยาศาสตร์จุฬาภรณราชวิทยาลัย ปทุมธานี,คริสต์,P1,2565/1,0
โรงเรียนวิทยาศาสตร์จุฬาภรณราชวิทยาลัย ปทุมธานี,คริสต์,P2,2565/1,0
โรงเรียนวิทยาศาสตร์จุฬาภรณราชวิทยาลัย ปทุมธานี,คริสต์,P3,2565/1,0
โรงเรียนวิทยาศาสตร์จุฬาภรณราชวิทยาลัย ปทุมธานี,คริสต์,P4,2565/1,0
โรงเรียนวิทยาศาสตร์จุฬาภรณราชวิทยาลัย ปทุมธานี,คริสต์,P5,2565/1,0
โรงเรียนวิทยาศาสตร์จุฬาภรณราชวิทยาลัย ปทุมธานี,คริสต์,P6,2565/1,0
โรงเรียนวิทยาศาสตร์จุฬาภรณราชวิทยาลัย ปทุมธานี,คริสต์,M2,2565/1,3
โรงเรียนวิทยาศาสตร์จุฬาภรณราชวิทยาลัย ปทุมธานี,คริสต์,M3,2565/1,0
โรงเรียนวิทยาศาสตร์จุฬาภรณราชวิทยาลัย ปทุมธานี,คริสต์,M4,2565/1,2
โรงเรียนวิทยาศาสตร์จุฬาภรณราชวิทยาลัย ปทุมธานี,คริสต์,M5,2565/1,2
โรงเรียนวิทยาศาสตร์จุฬาภรณราชวิทยาลัย ปทุมธานี,คริสต์,M6,2565/1,1
โรงเรียนวิทยาศาสตร์จุฬาภรณราชวิทยาลัย ปทุมธานี,พุทธ,P1,2565/1,0
โรงเรียนวิทยาศาสตร์จุฬาภรณราชวิทยาลัย ปทุมธานี,พุทธ,P2,2565/1,0
โรงเรียนวิทยาศาสตร์จุฬาภรณราชวิทยาลัย ปทุมธานี,พุทธ,P3,2565/1,0
โรงเรียนวิทยาศาสตร์จุฬาภรณราชวิทยาลัย ปทุมธานี,พุทธ,P4,2565/1,0
โรงเรียนวิทยาศาสตร์จุฬาภรณราชวิทยาลัย ปทุมธานี,พุทธ,P5,2565/1,0
โรงเรียนวิทยาศาสตร์จุฬาภรณราชวิทยาลัย ปทุมธานี,พุทธ,P6,2565/1,0
โรงเรียนวิทยาศาสตร์จุฬาภรณราชวิทยาลัย ปทุมธานี,พุทธ,M2,2565/1,92
โรงเรียนวิทยาศาสตร์จุฬาภรณราชวิทยาลัย ปทุมธานี,พุทธ,M3,2565/1,96
โรงเรียนวิทยาศาสตร์จุฬาภรณราชวิทยาลัย ปทุมธานี,พุทธ,M4,2565/1,137
โรงเรียนวิทยาศาสตร์จุฬาภรณราชวิทยาลัย ปทุมธานี,พุทธ,M5,2565/1,136
โรงเรียนวิทยาศาสตร์จุฬาภรณราชวิทยาลัย ปทุมธานี,พุทธ,M6,2565/1,141
โรงเรียนวิทยาศาสตร์จุฬาภรณราชวิทยาลัย ปทุมธานี,อิสลาม,P1,2565/1,0
โรงเรียนวิทยาศาสตร์จุฬาภรณราชวิทยาลัย ปทุมธานี,อิสลาม,P2,2565/1,0
โรงเรียนวิทยาศาสตร์จุฬาภรณราชวิทยาลัย ปทุมธานี,อิสลาม,P3,2565/1,0
โรงเรียนวิทยาศาสตร์จุฬาภรณราชวิทยาลัย ปทุมธานี,อิสลาม,P4,2565/1,0
โรงเรียนวิทยาศาสตร์จุฬาภรณราชวิทยาลัย ปทุมธานี,อิสลาม,P5,2565/1,0
โรงเรียนวิทยาศาสตร์จุฬาภรณราชวิทยาลัย ปทุมธานี,อิสลาม,P6,2565/1,0
โรงเรียนวิทยาศาสตร์จุฬาภรณราชวิทยาลัย ปทุมธานี,อิสลาม,M2,2565/1,1
โรงเรียนวิทยาศาสตร์จุฬาภรณราชวิทยาลัย ปทุมธานี,อิสลาม,M3,2565/1,0
โรงเรียนวิทยาศาสตร์จุฬาภรณราชวิทยาลัย ปทุมธานี,อิสลาม,M4,2565/1,6
โรงเรียนวิทยาศาสตร์จุฬาภรณราชวิทยาลัย ปทุมธานี,อิสลาม,M5,2565/1,3
โรงเรียนวิทยาศาสตร์จุฬาภรณราชวิทยาลัย ปทุมธานี,อิสลาม,M6,2565/1,1
โรงเรียนชัยสิทธาวาส ,พุทธ,P1,2565/1,0
โรงเรียนชัยสิทธาวาส ,พุทธ,P2,2565/1,0
โรงเรียนชัยสิทธาวาส ,พุทธ,P3,2565/1,0
โรงเรียนชัยสิทธาวาส ,พุทธ,P4,2565/1,0
โรงเรียนชัยสิทธาวาส ,พุทธ,P5,2565/1,0
โรงเรียนชัยสิทธาวาส ,พุทธ,P6,2565/1,0
โรงเรียนชัยสิทธาวาส ,พุทธ,M2,2565/1,71
โรงเรียนชัยสิทธาวาส ,พุทธ,M3,2565/1,48
โรงเรียนชัยสิทธาวาส ,พุทธ,M4,2565/1,46
โรงเรียนชัยสิทธาวาส ,พุทธ,M5,2565/1,25
โรงเรียนชัยสิทธาวาส ,พุทธ,M6,2565/1,29
โรงเรียนชัยสิทธาวาส ,อิสลาม,P1,2565/1,0
โรงเรียนชัยสิทธาวาส ,อิสลาม,P2,2565/1,0
โรงเรียนชัยสิทธาวาส ,อิสลาม,P3,2565/1,0
โรงเรียนชัยสิทธาวาส ,อิสลาม,P4,2565/1,0
โรงเรียนชัยสิทธาวาส ,อิสลาม,P5,2565/1,0
โรงเรียนชัยสิทธาวาส ,อิสลาม,P6,2565/1,0
โรงเรียนชัยสิทธาวาส ,อิสลาม,M2,2565/1,0
โรงเรียนชัยสิทธาวาส ,อิสลาม,M3,2565/1,2
โรงเรียนชัยสิทธาวาส ,อิสลาม,M4,2565/1,0
โรงเรียนชัยสิทธาวาส ,อิสลาม,M5,2565/1,0
โรงเรียนชัยสิทธาวาส ,อิสลาม,M6,2565/1,0
โรงเรียนเตรียมอุดมศึกษาน้อมเกล้า ปทุมธานี,คริสต์,P1,2565/1,0
โรงเรียนเตรียมอุดมศึกษาน้อมเกล้า ปทุมธานี,คริสต์,P2,2565/1,0
โรงเรียนเตรียมอุดมศึกษาน้อมเกล้า ปทุมธานี,คริสต์,P3,2565/1,0
โรงเรียนเตรียมอุดมศึกษาน้อมเกล้า ปทุมธานี,คริสต์,P4,2565/1,0
โรงเรียนเตรียมอุดมศึกษาน้อมเกล้า ปทุมธานี,คริสต์,P5,2565/1,0
โรงเรียนเตรียมอุดมศึกษาน้อมเกล้า ปทุมธานี,คริสต์,P6,2565/1,0
โรงเรียนเตรียมอุดมศึกษาน้อมเกล้า ปทุมธานี,คริสต์,M2,2565/1,0
โรงเรียนเตรียมอุดมศึกษาน้อมเกล้า ปทุมธานี,คริสต์,M3,2565/1,0
โรงเรียนเตรียมอุดมศึกษาน้อมเกล้า ปทุมธานี,คริสต์,M4,2565/1,1
โรงเรียนเตรียมอุดมศึกษาน้อมเกล้า ปทุมธานี,คริสต์,M5,2565/1,0
โรงเรียนเตรียมอุดมศึกษาน้อมเกล้า ปทุมธานี,คริสต์,M6,2565/1,0
โรงเรียนเตรียมอุดมศึกษาน้อมเกล้า ปทุมธานี,พุทธ,P1,2565/1,0
โรงเรียนเตรียมอุดมศึกษาน้อมเกล้า ปทุมธานี,พุทธ,P2,2565/1,0
โรงเรียนเตรียมอุดมศึกษาน้อมเกล้า ปทุมธานี,พุทธ,P3,2565/1,0
โรงเรียนเตรียมอุดมศึกษาน้อมเกล้า ปทุมธานี,พุทธ,P4,2565/1,0
โรงเรียนเตรียมอุดมศึกษาน้อมเกล้า ปทุมธานี,พุทธ,P5,2565/1,0
โรงเรียนเตรียมอุดมศึกษาน้อมเกล้า ปทุมธานี,พุทธ,P6,2565/1,0
โรงเรียนเตรียมอุดมศึกษาน้อมเกล้า ปทุมธานี,พุทธ,M2,2565/1,195
โรงเรียนเตรียมอุดมศึกษาน้อมเกล้า ปทุมธานี,พุทธ,M3,2565/1,133
โรงเรียนเตรียมอุดมศึกษาน้อมเกล้า ปทุมธานี,พุทธ,M4,2565/1,257
โรงเรียนเตรียมอุดมศึกษาน้อมเกล้า ปทุมธานี,พุทธ,M5,2565/1,243
โรงเรียนเตรียมอุดมศึกษาน้อมเกล้า ปทุมธานี,พุทธ,M6,2565/1,181
โรงเรียนเตรียมอุดมศึกษาน้อมเกล้า ปทุมธานี,อิสลาม,P1,2565/1,0
โรงเรียนเตรียมอุดมศึกษาน้อมเกล้า ปทุมธานี,อิสลาม,P2,2565/1,0
โรงเรียนเตรียมอุดมศึกษาน้อมเกล้า ปทุมธานี,อิสลาม,P3,2565/1,0
โรงเรียนเตรียมอุดมศึกษาน้อมเกล้า ปทุมธานี,อิสลาม,P4,2565/1,0
โรงเรียนเตรียมอุดมศึกษาน้อมเกล้า ปทุมธานี,อิสลาม,P5,2565/1,0
โรงเรียนเตรียมอุดมศึกษาน้อมเกล้า ปทุมธานี,อิสลาม,P6,2565/1,0
โรงเรียนเตรียมอุดมศึกษาน้อมเกล้า ปทุมธานี,อิสลาม,M2,2565/1,4
โรงเรียนเตรียมอุดมศึกษาน้อมเกล้า ปทุมธานี,อิสลาม,M3,2565/1,3
โรงเรียนเตรียมอุดมศึกษาน้อมเกล้า ปทุมธานี,อิสลาม,M4,2565/1,2
โรงเรียนเตรียมอุดมศึกษาน้อมเกล้า ปทุมธานี,อิสลาม,M5,2565/1,1
โรงเรียนเตรียมอุดมศึกษาน้อมเกล้า ปทุมธานี,อิสลาม,M6,2565/1,6
โรงเรียนเฉลิมพระเกียรติ 60 พรรษา,พุทธ,P1,2565/1,0
โรงเรียนเฉลิมพระเกียรติ 60 พรรษา,พุทธ,P2,2565/1,0
โรงเรียนเฉลิมพระเกียรติ 60 พรรษา,พุทธ,P3,2565/1,0
โรงเรียนเฉลิมพระเกียรติ 60 พรรษา,พุทธ,P4,2565/1,0
โรงเรียนเฉลิมพระเกียรติ 60 พรรษา,พุทธ,P5,2565/1,0
โรงเรียนเฉลิมพระเกียรติ 60 พรรษา,พุทธ,P6,2565/1,0
โรงเรียนเฉลิมพระเกียรติ 60 พรรษา,พุทธ,M2,2565/1,44
โรงเรียนเฉลิมพระเกียรติ 60 พรรษา,พุทธ,M3,2565/1,44
โรงเรียนเฉลิมพระเกียรติ 60 พรรษา,พุทธ,M4,2565/1,42
โรงเรียนเฉลิมพระเกียรติ 60 พรรษา,พุทธ,M5,2565/1,39
โรงเรียนเฉลิมพระเกียรติ 60 พรรษา,พุทธ,M6,2565/1,44
โรงเรียนธัญรัตน์,คริสต์,P1,2565/1,0
โรงเรียนธัญรัตน์,คริสต์,P2,2565/1,0
โรงเรียนธัญรัตน์,คริสต์,P3,2565/1,0
โรงเรียนธัญรัตน์,คริสต์,P4,2565/1,0
โรงเรียนธัญรัตน์,คริสต์,P5,2565/1,0
โรงเรียนธัญรัตน์,คริสต์,P6,2565/1,0
โรงเรียนธัญรัตน์,คริสต์,M2,2565/1,0
โรงเรียนธัญรัตน์,คริสต์,M3,2565/1,1
โรงเรียนธัญรัตน์,คริสต์,M4,2565/1,0
โรงเรียนธัญรัตน์,คริสต์,M5,2565/1,0
โรงเรียนธัญรัตน์,คริสต์,M6,2565/1,1
โรงเรียนธัญรัตน์,พุทธ,P1,2565/1,0
โรงเรียนธัญรัตน์,พุทธ,P2,2565/1,0
โรงเรียนธัญรัตน์,พุทธ,P3,2565/1,0
โรงเรียนธัญรัตน์,พุทธ,P4,2565/1,0
โรงเรียนธัญรัตน์,พุทธ,P5,2565/1,0
โรงเรียนธัญรัตน์,พุทธ,P6,2565/1,0
โรงเรียนธัญรัตน์,พุทธ,M2,2565/1,542
โรงเรียนธัญรัตน์,พุทธ,M3,2565/1,638
โรงเรียนธัญรัตน์,พุทธ,M4,2565/1,554
โรงเรียนธัญรัตน์,พุทธ,M5,2565/1,536
โรงเรียนธัญรัตน์,พุทธ,M6,2565/1,526
โรงเรียนธัญรัตน์,อิสลาม,P1,2565/1,0
โรงเรียนธัญรัตน์,อิสลาม,P2,2565/1,0
โรงเรียนธัญรัตน์,อิสลาม,P3,2565/1,0
โรงเรียนธัญรัตน์,อิสลาม,P4,2565/1,0
โรงเรียนธัญรัตน์,อิสลาม,P5,2565/1,0
โรงเรียนธัญรัตน์,อิสลาม,P6,2565/1,0
โรงเรียนธัญรัตน์,อิสลาม,M2,2565/1,2
โรงเรียนธัญรัตน์,อิสลาม,M3,2565/1,6
โรงเรียนธัญรัตน์,อิสลาม,M4,2565/1,9
โรงเรียนธัญรัตน์,อิสลาม,M5,2565/1,1
โรงเรียนธัญรัตน์,อิสลาม,M6,2565/1,4
โรงเรียนธัญรัตน์,อื่นๆ,P1,2565/1,0
โรงเรียนธัญรัตน์,อื่นๆ,P2,2565/1,0
โรงเรียนธัญรัตน์,อื่นๆ,P3,2565/1,0
โรงเรียนธัญรัตน์,อื่นๆ,P4,2565/1,0
โรงเรียนธัญรัตน์,อื่นๆ,P5,2565/1,0
โรงเรียนธัญรัตน์,อื่นๆ,P6,2565/1,0
โรงเรียนธัญรัตน์,อื่นๆ,M2,2565/1,37
โรงเรียนธัญรัตน์,อื่นๆ,M3,2565/1,0
โรงเรียนธัญรัตน์,อื่นๆ,M4,2565/1,0
โรงเรียนธัญรัตน์,อื่นๆ,M5,2565/1,0
โรงเรียนธัญรัตน์,อื่นๆ,M6,2565/1,0
โรงเรียนสายปัญญารังสิต,คริสต์,P1,2565/1,0
โรงเรียนสายปัญญารังสิต,คริสต์,P2,2565/1,0
โรงเรียนสายปัญญารังสิต,คริสต์,P3,2565/1,0
โรงเรียนสายปัญญารังสิต,คริสต์,P4,2565/1,0
โรงเรียนสายปัญญารังสิต,คริสต์,P5,2565/1,0
โรงเรียนสายปัญญารังสิต,คริสต์,P6,2565/1,0
โรงเรียนสายปัญญารังสิต,คริสต์,M2,2565/1,4
โรงเรียนสายปัญญารังสิต,คริสต์,M3,2565/1,4
โรงเรียนสายปัญญารังสิต,คริสต์,M4,2565/1,8
โรงเรียนสายปัญญารังสิต,คริสต์,M5,2565/1,2
โรงเรียนสายปัญญารังสิต,คริสต์,M6,2565/1,1
โรงเรียนสายปัญญารังสิต,พราหมณ์/ฮินดู,P1,2565/1,0
โรงเรียนสายปัญญารังสิต,พราหมณ์/ฮินดู,P2,2565/1,0
โรงเรียนสายปัญญารังสิต,พราหมณ์/ฮินดู,P3,2565/1,0
โรงเรียนสายปัญญารังสิต,พราหมณ์/ฮินดู,P4,2565/1,0
โรงเรียนสายปัญญารังสิต,พราหมณ์/ฮินดู,P5,2565/1,0
โรงเรียนสายปัญญารังสิต,พราหมณ์/ฮินดู,P6,2565/1,0
โรงเรียนสายปัญญารังสิต,พราหมณ์/ฮินดู,M2,2565/1,0
โรงเรียนสายปัญญารังสิต,พราหมณ์/ฮินดู,M3,2565/1,0
โรงเรียนสายปัญญารังสิต,พราหมณ์/ฮินดู,M4,2565/1,1
โรงเรียนสายปัญญารังสิต,พราหมณ์/ฮินดู,M5,2565/1,0
โรงเรียนสายปัญญารังสิต,พราหมณ์/ฮินดู,M6,2565/1,0
โรงเรียนสายปัญญารังสิต,พุทธ,P1,2565/1,0
โรงเรียนสายปัญญารังสิต,พุทธ,P2,2565/1,0
โรงเรียนสายปัญญารังสิต,พุทธ,P3,2565/1,0
โรงเรียนสายปัญญารังสิต,พุทธ,P4,2565/1,0
โรงเรียนสายปัญญารังสิต,พุทธ,P5,2565/1,0
โรงเรียนสายปัญญารังสิต,พุทธ,P6,2565/1,0
โรงเรียนสายปัญญารังสิต,พุทธ,M2,2565/1,383
โรงเรียนสายปัญญารังสิต,พุทธ,M3,2565/1,382
โรงเรียนสายปัญญารังสิต,พุทธ,M4,2565/1,288
โรงเรียนสายปัญญารังสิต,พุทธ,M5,2565/1,302
โรงเรียนสายปัญญารังสิต,พุทธ,M6,2565/1,312
โรงเรียนสายปัญญารังสิต,อิสลาม,P1,2565/1,0
โรงเรียนสายปัญญารังสิต,อิสลาม,P2,2565/1,0
โรงเรียนสายปัญญารังสิต,อิสลาม,P3,2565/1,0
โรงเรียนสายปัญญารังสิต,อิสลาม,P4,2565/1,0
โรงเรียนสายปัญญารังสิต,อิสลาม,P5,2565/1,0
โรงเรียนสายปัญญารังสิต,อิสลาม,P6,2565/1,0
โรงเรียนสายปัญญารังสิต,อิสลาม,M2,2565/1,3
โรงเรียนสายปัญญารังสิต,อิสลาม,M3,2565/1,2
โรงเรียนสายปัญญารังสิต,อิสลาม,M4,2565/1,5
โรงเรียนสายปัญญารังสิต,อิสลาม,M5,2565/1,5
โรงเรียนสายปัญญารังสิต,อิสลาม,M6,2565/1,2
โรงเรียนสายปัญญารังสิต,อื่นๆ,P1,2565/1,0
โรงเรียนสายปัญญารังสิต,อื่นๆ,P2,2565/1,0
โรงเรียนสายปัญญารังสิต,อื่นๆ,P3,2565/1,0
โรงเรียนสายปัญญารังสิต,อื่นๆ,P4,2565/1,0
โรงเรียนสายปัญญารังสิต,อื่นๆ,P5,2565/1,0
โรงเรียนสายปัญญารังสิต,อื่นๆ,P6,2565/1,0
โรงเรียนสายปัญญารังสิต,อื่นๆ,M2,2565/1,0
โรงเรียนสายปัญญารังสิต,อื่นๆ,M3,2565/1,3
โรงเรียนสายปัญญารังสิต,อื่นๆ,M4,2565/1,1
โรงเรียนสายปัญญารังสิต,อื่นๆ,M5,2565/1,0
โรงเรียนสายปัญญารังสิต,อื่นๆ,M6,2565/1,0
โรงเรียนธัญบุรี,คริสต์,P1,2565/1,0
โรงเรียนธัญบุรี,คริสต์,P2,2565/1,0
โรงเรียนธัญบุรี,คริสต์,P3,2565/1,0
โรงเรียนธัญบุรี,คริสต์,P4,2565/1,0
โรงเรียนธัญบุรี,คริสต์,P5,2565/1,0
โรงเรียนธัญบุรี,คริสต์,P6,2565/1,0
โรงเรียนธัญบุรี,คริสต์,M2,2565/1,5
โรงเรียนธัญบุรี,คริสต์,M3,2565/1,2
โรงเรียนธัญบุรี,คริสต์,M4,2565/1,3
โรงเรียนธัญบุรี,คริสต์,M5,2565/1,4
โรงเรียนธัญบุรี,คริสต์,M6,2565/1,2
โรงเรียนธัญบุรี,พุทธ,P1,2565/1,0
โรงเรียนธัญบุรี,พุทธ,P2,2565/1,0
โรงเรียนธัญบุรี,พุทธ,P3,2565/1,0
โรงเรียนธัญบุรี,พุทธ,P4,2565/1,0
โรงเรียนธัญบุรี,พุทธ,P5,2565/1,0
โรงเรียนธัญบุรี,พุทธ,P6,2565/1,0
โรงเรียนธัญบุรี,พุทธ,M2,2565/1,456
โรงเรียนธัญบุรี,พุทธ,M3,2565/1,476
โรงเรียนธัญบุรี,พุทธ,M4,2565/1,552
โรงเรียนธัญบุรี,พุทธ,M5,2565/1,445
โรงเรียนธัญบุรี,พุทธ,M6,2565/1,435
โรงเรียนธัญบุรี,อิสลาม,P1,2565/1,0
โรงเรียนธัญบุรี,อิสลาม,P2,2565/1,0
โรงเรียนธัญบุรี,อิสลาม,P3,2565/1,0
โรงเรียนธัญบุรี,อิสลาม,P4,2565/1,0
โรงเรียนธัญบุรี,อิสลาม,P5,2565/1,0
โรงเรียนธัญบุรี,อิสลาม,P6,2565/1,0
โรงเรียนธัญบุรี,อิสลาม,M2,2565/1,3
โรงเรียนธัญบุรี,อิสลาม,M3,2565/1,2
โรงเรียนธัญบุรี,อิสลาม,M4,2565/1,2
โรงเรียนธัญบุรี,อิสลาม,M5,2565/1,5
โรงเรียนธัญบุรี,อิสลาม,M6,2565/1,3
โรงเรียนธัญบุรี,อื่นๆ,P1,2565/1,0
โรงเรียนธัญบุรี,อื่นๆ,P2,2565/1,0
โรงเรียนธัญบุรี,อื่นๆ,P3,2565/1,0
โรงเรียนธัญบุรี,อื่นๆ,P4,2565/1,0
โรงเรียนธัญบุรี,อื่นๆ,P5,2565/1,0
โรงเรียนธัญบุรี,อื่นๆ,P6,2565/1,0
โรงเรียนธัญบุรี,อื่นๆ,M2,2565/1,0
โรงเรียนธัญบุรี,อื่นๆ,M3,2565/1,1
โรงเรียนธัญบุรี,อื่นๆ,M4,2565/1,0
โรงเรียนธัญบุรี,อื่นๆ,M5,2565/1,0
โรงเรียนธัญบุรี,อื่นๆ,M6,2565/1,0
โรงเรียนหนองเสือวิทยาคม,คริสต์,P1,2565/1,0
โรงเรียนหนองเสือวิทยาคม,คริสต์,P2,2565/1,0
โรงเรียนหนองเสือวิทยาคม,คริสต์,P3,2565/1,0
โรงเรียนหนองเสือวิทยาคม,คริสต์,P4,2565/1,0
โรงเรียนหนองเสือวิทยาคม,คริสต์,P5,2565/1,0
โรงเรียนหนองเสือวิทยาคม,คริสต์,P6,2565/1,0
โรงเรียนหนองเสือวิทยาคม,คริสต์,M2,2565/1,0
โรงเรียนหนองเสือวิทยาคม,คริสต์,M3,2565/1,1
โรงเรียนหนองเสือวิทยาคม,คริสต์,M4,2565/1,0
โรงเรียนหนองเสือวิทยาคม,คริสต์,M5,2565/1,0
โรงเรียนหนองเสือวิทยาคม,คริสต์,M6,2565/1,0
โรงเรียนหนองเสือวิทยาคม,พุทธ,P1,2565/1,0
โรงเรียนหนองเสือวิทยาคม,พุทธ,P2,2565/1,0
โรงเรียนหนองเสือวิทยาคม,พุทธ,P3,2565/1,0
โรงเรียนหนองเสือวิทยาคม,พุทธ,P4,2565/1,0
โรงเรียนหนองเสือวิทยาคม,พุทธ,P5,2565/1,0
โรงเรียนหนองเสือวิทยาคม,พุทธ,P6,2565/1,0
โรงเรียนหนองเสือวิทยาคม,พุทธ,M2,2565/1,376
โรงเรียนหนองเสือวิทยาคม,พุทธ,M3,2565/1,332
โรงเรียนหนองเสือวิทยาคม,พุทธ,M4,2565/1,327
โรงเรียนหนองเสือวิทยาคม,พุทธ,M5,2565/1,305
โรงเรียนหนองเสือวิทยาคม,พุทธ,M6,2565/1,268
โรงเรียนหนองเสือวิทยาคม,อิสลาม,P1,2565/1,0
โรงเรียนหนองเสือวิทยาคม,อิสลาม,P2,2565/1,0
โรงเรียนหนองเสือวิทยาคม,อิสลาม,P3,2565/1,0
โรงเรียนหนองเสือวิทยาคม,อิสลาม,P4,2565/1,0
โรงเรียนหนองเสือวิทยาคม,อิสลาม,P5,2565/1,0
โรงเรียนหนองเสือวิทยาคม,อิสลาม,P6,2565/1,0
โรงเรียนหนองเสือวิทยาคม,อิสลาม,M2,2565/1,10
โรงเรียนหนองเสือวิทยาคม,อิสลาม,M3,2565/1,4
โรงเรียนหนองเสือวิทยาคม,อิสลาม,M4,2565/1,3
โรงเรียนหนองเสือวิทยาคม,อิสลาม,M5,2565/1,6
โรงเรียนหนองเสือวิทยาคม,อิสลาม,M6,2565/1,6
โรงเรียนเตรียมอุดมศึกษาพัฒนาการ ปทุมธานี,คริสต์,P1,2565/1,0
โรงเรียนเตรียมอุดมศึกษาพัฒนาการ ปทุมธานี,คริสต์,P2,2565/1,0
โรงเรียนเตรียมอุดมศึกษาพัฒนาการ ปทุมธานี,คริสต์,P3,2565/1,0
โรงเรียนเตรียมอุดมศึกษาพัฒนาการ ปทุมธานี,คริสต์,P4,2565/1,0
โรงเรียนเตรียมอุดมศึกษาพัฒนาการ ปทุมธานี,คริสต์,P5,2565/1,0
โรงเรียนเตรียมอุดมศึกษาพัฒนาการ ปทุมธานี,คริสต์,P6,2565/1,0
โรงเรียนเตรียมอุดมศึกษาพัฒนาการ ปทุมธานี,คริสต์,M2,2565/1,0
โรงเรียนเตรียมอุดมศึกษาพัฒนาการ ปทุมธานี,คริสต์,M3,2565/1,2
โรงเรียนเตรียมอุดมศึกษาพัฒนาการ ปทุมธานี,คริสต์,M4,2565/1,1
โรงเรียนเตรียมอุดมศึกษาพัฒนาการ ปทุมธานี,คริสต์,M5,2565/1,6
โรงเรียนเตรียมอุดมศึกษาพัฒนาการ ปทุมธานี,คริสต์,M6,2565/1,0
โรงเรียนเตรียมอุดมศึกษาพัฒนาการ ปทุมธานี,พุทธ,P1,2565/1,0
โรงเรียนเตรียมอุดมศึกษาพัฒนาการ ปทุมธานี,พุทธ,P2,2565/1,0
โรงเรียนเตรียมอุดมศึกษาพัฒนาการ ปทุมธานี,พุทธ,P3,2565/1,0
โรงเรียนเตรียมอุดมศึกษาพัฒนาการ ปทุมธานี,พุทธ,P4,2565/1,0
โรงเรียนเตรียมอุดมศึกษาพัฒนาการ ปทุมธานี,พุทธ,P5,2565/1,0
โรงเรียนเตรียมอุดมศึกษาพัฒนาการ ปทุมธานี,พุทธ,P6,2565/1,0
โรงเรียนเตรียมอุดมศึกษาพัฒนาการ ปทุมธานี,พุทธ,M2,2565/1,450
โรงเรียนเตรียมอุดมศึกษาพัฒนาการ ปทุมธานี,พุทธ,M3,2565/1,423
โรงเรียนเตรียมอุดมศึกษาพัฒนาการ ปทุมธานี,พุทธ,M4,2565/1,387
โรงเรียนเตรียมอุดมศึกษาพัฒนาการ ปทุมธานี,พุทธ,M5,2565/1,396
โรงเรียนเตรียมอุดมศึกษาพัฒนาการ ปทุมธานี,พุทธ,M6,2565/1,399
โรงเรียนเตรียมอุดมศึกษาพัฒนาการ ปทุมธานี,อิสลาม,P1,2565/1,0
โรงเรียนเตรียมอุดมศึกษาพัฒนาการ ปทุมธานี,อิสลาม,P2,2565/1,0
โรงเรียนเตรียมอุดมศึกษาพัฒนาการ ปทุมธานี,อิสลาม,P3,2565/1,0
โรงเรียนเตรียมอุดมศึกษาพัฒนาการ ปทุมธานี,อิสลาม,P4,2565/1,0
โรงเรียนเตรียมอุดมศึกษาพัฒนาการ ปทุมธานี,อิสลาม,P5,2565/1,0
โรงเรียนเตรียมอุดมศึกษาพัฒนาการ ปทุมธานี,อิสลาม,P6,2565/1,0
โรงเรียนเตรียมอุดมศึกษาพัฒนาการ ปทุมธานี,อิสลาม,M2,2565/1,34
โรงเรียนเตรียมอุดมศึกษาพัฒนาการ ปทุมธานี,อิสลาม,M3,2565/1,21
โรงเรียนเตรียมอุดมศึกษาพัฒนาการ ปทุมธานี,อิสลาม,M4,2565/1,21
โรงเรียนเตรียมอุดมศึกษาพัฒนาการ ปทุมธานี,อิสลาม,M5,2565/1,18
โรงเรียนเตรียมอุดมศึกษาพัฒนาการ ปทุมธานี,อิสลาม,M6,2565/1,18
โรงเรียนเทพศิรินทร์คลองสิบสาม ปทุมธานี,คริสต์,P1,2565/1,0
โรงเรียนเทพศิรินทร์คลองสิบสาม ปทุมธานี,คริสต์,P2,2565/1,0
โรงเรียนเทพศิรินทร์คลองสิบสาม ปทุมธานี,คริสต์,P3,2565/1,0
โรงเรียนเทพศิรินทร์คลองสิบสาม ปทุมธานี,คริสต์,P4,2565/1,0
โรงเรียนเทพศิรินทร์คลองสิบสาม ปทุมธานี,คริสต์,P5,2565/1,0
โรงเรียนเทพศิรินทร์คลองสิบสาม ปทุมธานี,คริสต์,P6,2565/1,0
โรงเรียนเทพศิรินทร์คลองสิบสาม ปทุมธานี,คริสต์,M2,2565/1,3
โรงเรียนเทพศิรินทร์คลองสิบสาม ปทุมธานี,คริสต์,M3,2565/1,0
โรงเรียนเทพศิรินทร์คลองสิบสาม ปทุมธานี,คริสต์,M4,2565/1,3
โรงเรียนเทพศิรินทร์คลองสิบสาม ปทุมธานี,คริสต์,M5,2565/1,2
โรงเรียนเทพศิรินทร์คลองสิบสาม ปทุมธานี,คริสต์,M6,2565/1,0
โรงเรียนเทพศิรินทร์คลองสิบสาม ปทุมธานี,พุทธ,P1,2565/1,0
โรงเรียนเทพศิรินทร์คลองสิบสาม ปทุมธานี,พุทธ,P2,2565/1,0
โรงเรียนเทพศิรินทร์คลองสิบสาม ปทุมธานี,พุทธ,P3,2565/1,0
โรงเรียนเทพศิรินทร์คลองสิบสาม ปทุมธานี,พุทธ,P4,2565/1,0
โรงเรียนเทพศิรินทร์คลองสิบสาม ปทุมธานี,พุทธ,P5,2565/1,0
โรงเรียนเทพศิรินทร์คลองสิบสาม ปทุมธานี,พุทธ,P6,2565/1,0
โรงเรียนเทพศิรินทร์คลองสิบสาม ปทุมธานี,พุทธ,M2,2565/1,127
โรงเรียนเทพศิรินทร์คลองสิบสาม ปทุมธานี,พุทธ,M3,2565/1,91
โรงเรียนเทพศิรินทร์คลองสิบสาม ปทุมธานี,พุทธ,M4,2565/1,107
โรงเรียนเทพศิรินทร์คลองสิบสาม ปทุมธานี,พุทธ,M5,2565/1,127
โรงเรียนเทพศิรินทร์คลองสิบสาม ปทุมธานี,พุทธ,M6,2565/1,122
โรงเรียนเทพศิรินทร์คลองสิบสาม ปทุมธานี,อิสลาม,P1,2565/1,0
โรงเรียนเทพศิรินทร์คลองสิบสาม ปทุมธานี,อิสลาม,P2,2565/1,0
โรงเรียนเทพศิรินทร์คลองสิบสาม ปทุมธานี,อิสลาม,P3,2565/1,0
โรงเรียนเทพศิรินทร์คลองสิบสาม ปทุมธานี,อิสลาม,P4,2565/1,0
โรงเรียนเทพศิรินทร์คลองสิบสาม ปทุมธานี,อิสลาม,P5,2565/1,0
โรงเรียนเทพศิรินทร์คลองสิบสาม ปทุมธานี,อิสลาม,P6,2565/1,0
โรงเรียนเทพศิรินทร์คลองสิบสาม ปทุมธานี,อิสลาม,M2,2565/1,46
โรงเรียนเทพศิรินทร์คลองสิบสาม ปทุมธานี,อิสลาม,M3,2565/1,36
โรงเรียนเทพศิรินทร์คลองสิบสาม ปทุมธานี,อิสลาม,M4,2565/1,30
โรงเรียนเทพศิรินทร์คลองสิบสาม ปทุมธานี,อิสลาม,M5,2565/1,34
โรงเรียนเทพศิรินทร์คลองสิบสาม ปทุมธานี,อิสลาม,M6,2565/1,34
โรงเรียนนวมินทราชินูทิศ สวนกุหลาบวิทยาลัย ปทุมธานี,คริสต์,P1,2565/1,0
โรงเรียนนวมินทราชินูทิศ สวนกุหลาบวิทยาลัย ปทุมธานี,คริสต์,P2,2565/1,0
โรงเรียนนวมินทราชินูทิศ สวนกุหลาบวิทยาลัย ปทุมธานี,คริสต์,P3,2565/1,0
โรงเรียนนวมินทราชินูทิศ สวนกุหลาบวิทยาลัย ปทุมธานี,คริสต์,P4,2565/1,0
โรงเรียนนวมินทราชินูทิศ สวนกุหลาบวิทยาลัย ปทุมธานี,คริสต์,P5,2565/1,0
โรงเรียนนวมินทราชินูทิศ สวนกุหลาบวิทยาลัย ปทุมธานี,คริสต์,P6,2565/1,0
โรงเรียนนวมินทราชินูทิศ สวนกุหลาบวิทยาลัย ปทุมธานี,คริสต์,M2,2565/1,4
โรงเรียนนวมินทราชินูทิศ สวนกุหลาบวิทยาลัย ปทุมธานี,คริสต์,M3,2565/1,1
โรงเรียนนวมินทราชินูทิศ สวนกุหลาบวิทยาลัย ปทุมธานี,คริสต์,M4,2565/1,5
โรงเรียนนวมินทราชินูทิศ สวนกุหลาบวิทยาลัย ปทุมธานี,คริสต์,M5,2565/1,7
โรงเรียนนวมินทราชินูทิศ สวนกุหลาบวิทยาลัย ปทุมธานี,คริสต์,M6,2565/1,4
โรงเรียนนวมินทราชินูทิศ สวนกุหลาบวิทยาลัย ปทุมธานี,พุทธ,P1,2565/1,0
โรงเรียนนวมินทราชินูทิศ สวนกุหลาบวิทยาลัย ปทุมธานี,พุทธ,P2,2565/1,0
โรงเรียนนวมินทราชินูทิศ สวนกุหลาบวิทยาลัย ปทุมธานี,พุทธ,P3,2565/1,0
โรงเรียนนวมินทราชินูทิศ สวนกุหลาบวิทยาลัย ปทุมธานี,พุทธ,P4,2565/1,0
โรงเรียนนวมินทราชินูทิศ สวนกุหลาบวิทยาลัย ปทุมธานี,พุทธ,P5,2565/1,0
โรงเรียนนวมินทราชินูทิศ สวนกุหลาบวิทยาลัย ปทุมธานี,พุทธ,P6,2565/1,0
โรงเรียนนวมินทราชินูทิศ สวนกุหลาบวิทยาลัย ปทุมธานี,พุทธ,M2,2565/1,339
โรงเรียนนวมินทราชินูทิศ สวนกุหลาบวิทยาลัย ปทุมธานี,พุทธ,M3,2565/1,350
โรงเรียนนวมินทราชินูทิศ สวนกุหลาบวิทยาลัย ปทุมธานี,พุทธ,M4,2565/1,317
โรงเรียนนวมินทราชินูทิศ สวนกุหลาบวิทยาลัย ปทุมธานี,พุทธ,M5,2565/1,316
โรงเรียนนวมินทราชินูทิศ สวนกุหลาบวิทยาลัย ปทุมธานี,พุทธ,M6,2565/1,342
โรงเรียนนวมินทราชินูทิศ สวนกุหลาบวิทยาลัย ปทุมธานี,อิสลาม,P1,2565/1,0
โรงเรียนนวมินทราชินูทิศ สวนกุหลาบวิทยาลัย ปทุมธานี,อิสลาม,P2,2565/1,0
โรงเรียนนวมินทราชินูทิศ สวนกุหลาบวิทยาลัย ปทุมธานี,อิสลาม,P3,2565/1,0
โรงเรียนนวมินทราชินูทิศ สวนกุหลาบวิทยาลัย ปทุมธานี,อิสลาม,P4,2565/1,0
โรงเรียนนวมินทราชินูทิศ สวนกุหลาบวิทยาลัย ปทุมธานี,อิสลาม,P5,2565/1,0
โรงเรียนนวมินทราชินูทิศ สวนกุหลาบวิทยาลัย ปทุมธานี,อิสลาม,P6,2565/1,0
โรงเรียนนวมินทราชินูทิศ สวนกุหลาบวิทยาลัย ปทุมธานี,อิสลาม,M2,2565/1,29
โรงเรียนนวมินทราชินูทิศ สวนกุหลาบวิทยาลัย ปทุมธานี,อิสลาม,M3,2565/1,19
โรงเรียนนวมินทราชินูทิศ สวนกุหลาบวิทยาลัย ปทุมธานี,อิสลาม,M4,2565/1,41
โรงเรียนนวมินทราชินูทิศ สวนกุหลาบวิทยาลัย ปทุมธานี,อิสลาม,M5,2565/1,25
โรงเรียนนวมินทราชินูทิศ สวนกุหลาบวิทยาลัย ปทุมธานี,อิสลาม,M6,2565/1,28
โรงเรียนนวมินทราชินูทิศ สวนกุหลาบวิทยาลัย ปทุมธานี,อื่นๆ,P1,2565/1,0
โรงเรียนนวมินทราชินูทิศ สวนกุหลาบวิทยาลัย ปทุมธานี,อื่นๆ,P2,2565/1,0
โรงเรียนนวมินทราชินูทิศ สวนกุหลาบวิทยาลัย ปทุมธานี,อื่นๆ,P3,2565/1,0
โรงเรียนนวมินทราชินูทิศ สวนกุหลาบวิทยาลัย ปทุมธานี,อื่นๆ,P4,2565/1,0
โรงเรียนนวมินทราชินูทิศ สวนกุหลาบวิทยาลัย ปทุมธานี,อื่นๆ,P5,2565/1,0
โรงเรียนนวมินทราชินูทิศ สวนกุหลาบวิทยาลัย ปทุมธานี,อื่นๆ,P6,2565/1,0
โรงเรียนนวมินทราชินูทิศ สวนกุหลาบวิทยาลัย ปทุมธานี,อื่นๆ,M2,2565/1,0
โรงเรียนนวมินทราชินูทิศ สวนกุหลาบวิทยาลัย ปทุมธานี,อื่นๆ,M3,2565/1,0
โรงเรียนนวมินทราชินูทิศ สวนกุหลาบวิทยาลัย ปทุมธานี,อื่นๆ,M4,2565/1,2
โรงเรียนนวมินทราชินูทิศ สวนกุหลาบวิทยาลัย ปทุมธานี,อื่นๆ,M5,2565/1,0
โรงเรียนนวมินทราชินูทิศ สวนกุหลาบวิทยาลัย ปทุมธานี,อื่นๆ,M6,2565/1,0
โรงเรียนมัธยมสังคีตวิทยา กรุงเทพมหานคร,คริสต์,P1,2565/1,0
โรงเรียนมัธยมสังคีตวิทยา กรุงเทพมหานคร,คริสต์,P2,2565/1,0
โรงเรียนมัธยมสังคีตวิทยา กรุงเทพมหานคร,คริสต์,P3,2565/1,0
โรงเรียนมัธยมสังคีตวิทยา กรุงเทพมหานคร,คริสต์,P4,2565/1,0
โรงเรียนมัธยมสังคีตวิทยา กรุงเทพมหานคร,คริสต์,P5,2565/1,0
โรงเรียนมัธยมสังคีตวิทยา กรุงเทพมหานคร,คริสต์,P6,2565/1,0
โรงเรียนมัธยมสังคีตวิทยา กรุงเทพมหานคร,คริสต์,M2,2565/1,0
โรงเรียนมัธยมสังคีตวิทยา กรุงเทพมหานคร,คริสต์,M3,2565/1,0
โรงเรียนมัธยมสังคีตวิทยา กรุงเทพมหานคร,คริสต์,M4,2565/1,1
โรงเรียนมัธยมสังคีตวิทยา กรุงเทพมหานคร,คริสต์,M5,2565/1,0
โรงเรียนมัธยมสังคีตวิทยา กรุงเทพมหานคร,คริสต์,M6,2565/1,0
โรงเรียนมัธยมสังคีตวิทยา กรุงเทพมหานคร,พุทธ,P1,2565/1,0
โรงเรียนมัธยมสังคีตวิทยา กรุงเทพมหานคร,พุทธ,P2,2565/1,0
โรงเรียนมัธยมสังคีตวิทยา กรุงเทพมหานคร,พุทธ,P3,2565/1,0
โรงเรียนมัธยมสังคีตวิทยา กรุงเทพมหานคร,พุทธ,P4,2565/1,0
โรงเรียนมัธยมสังคีตวิทยา กรุงเทพมหานคร,พุทธ,P5,2565/1,0
โรงเรียนมัธยมสังคีตวิทยา กรุงเทพมหานคร,พุทธ,P6,2565/1,0
โรงเรียนมัธยมสังคีตวิทยา กรุงเทพมหานคร,พุทธ,M2,2565/1,120
โรงเรียนมัธยมสังคีตวิทยา กรุงเทพมหานคร,พุทธ,M3,2565/1,93
โรงเรียนมัธยมสังคีตวิทยา กรุงเทพมหานคร,พุทธ,M4,2565/1,80
โรงเรียนมัธยมสังคีตวิทยา กรุงเทพมหานคร,พุทธ,M5,2565/1,122
โรงเรียนมัธยมสังคีตวิทยา กรุงเทพมหานคร,พุทธ,M6,2565/1,102
โรงเรียนมัธยมสังคีตวิทยา กรุงเทพมหานคร,อิสลาม,P1,2565/1,0
โรงเรียนมัธยมสังคีตวิทยา กรุงเทพมหานคร,อิสลาม,P2,2565/1,0
โรงเรียนมัธยมสังคีตวิทยา กรุงเทพมหานคร,อิสลาม,P3,2565/1,0
โรงเรียนมัธยมสังคีตวิทยา กรุงเทพมหานคร,อิสลาม,P4,2565/1,0
โรงเรียนมัธยมสังคีตวิทยา กรุงเทพมหานคร,อิสลาม,P5,2565/1,0
โรงเรียนมัธยมสังคีตวิทยา กรุงเทพมหานคร,อิสลาม,P6,2565/1,0
โรงเรียนมัธยมสังคีตวิทยา กรุงเทพมหานคร,อิสลาม,M2,2565/1,0
โรงเรียนมัธยมสังคีตวิทยา กรุงเทพมหานคร,อิสลาม,M3,2565/1,1
โรงเรียนมัธยมสังคีตวิทยา กรุงเทพมหานคร,อิสลาม,M4,2565/1,0
โรงเรียนมัธยมสังคีตวิทยา กรุงเทพมหานคร,อิสลาม,M5,2565/1,0
โรงเรียนมัธยมสังคีตวิทยา กรุงเทพมหานคร,อิสลาม,M6,2565/1,0
